{
    "identityPoolName": "cognitocf0c6096_identitypool_cf0c6096",
    "allowUnauthenticatedIdentities": false,
    "thirdPartyAuth": false,
    "lambdaLogPolicy": "cognitocf0c6096_lambda_log_policy",
    "openIdLambdaRoleName": "cognitocf0c6096_openid_lambda_role",
    "openIdRolePolicy": "cognitocf0c6096_openid_pass_role_policy",
    "openIdLambdaIAMPolicy": "cognitocf0c6096_openid_lambda_iam_policy",
    "openIdLogPolicy": "cognitocf0c6096_openid_lambda_log_policy",
    "userPoolName": "cognitocf0c6096_userpool_cf0c6096",
    "autoVerifiedAttributes": [
        "email"
    ],
    "mfaConfiguration": "OFF",
    "mfaTypes": [
        "SMS Text Message"
    ],
    "roleName": "cognitocf0c6096_sns-role",
    "roleExternalId": "cognitocf0c6096_role_external_id",
    "policyName": "cognitocf0c6096-sns-policy",
    "smsAuthenticationMessage": "Your authentication code is {####}",
    "smsVerificationMessage": "Your verification code is {####}",
    "emailVerificationSubject": "Your verification code",
    "emailVerificationMessage": "Your verification code is {####}",
    "defaultPasswordPolicy": false,
    "passwordPolicyMinLength": 8,
    "passwordPolicyCharacters": [
        "Requires Lowercase",
        "Requires Uppercase",
        "Requires Numbers",
        "Requires Symbols"
    ],
    "requiredAttributes": [
        "email"
    ],
    "userpoolClientName": "cognitocf0c6096_app_client",
    "userpoolClientGenerateSecret": true,
    "userpoolClientRefreshTokenValidity": 30,
    "userpoolClientReadAttributes": [
        "email"
    ],
    "mfaLambdaRole": "cognitocf0c6096_totp_lambda_role",
    "mfaLambdaLogPolicy": "cognitocf0c6096_totp_lambda_log_policy",
    "mfaPassRolePolicy": "cognitocf0c6096_totp_pass_role_policy",
    "mfaLambdaIAMPolicy": "cognitocf0c6096_totp_lambda_iam_policy",
    "userpoolClientLambdaRole": "cognitocf0c6096_userpoolclient_lambda_role",
    "userpoolClientLogPolicy": "cognitocf0c6096_userpoolclient_lambda_log_policy",
    "userpoolClientLambdaPolicy": "cognitocf0c6096_userpoolclient_lambda_iam_policy",
    "userpoolClientSetAttributes": false,
    "useDefault": "default",
    "resourceName": "cognitocf0c6096",
    "authSelections": "identityPoolAndUserPool",
    "authRoleName": {
        "Ref": "AuthRoleName"
    },
    "unauthRoleName": {
        "Ref": "UnauthRoleName"
    },
    "authRoleArn": {
        "Fn::GetAtt": [
            "AuthRole",
            "Arn"
        ]
    },
    "unauthRoleArn": {
        "Fn::GetAtt": [
            "UnauthRole",
            "Arn"
        ]
    }
}